CREATE DATABASE  IF NOT EXISTS `fx_db` /*!40100 DEFAULT CHARACTER SET utf8 */;
USE `fx_db`;
-- MySQL dump 10.13  Distrib 5.6.17, for Win64 (x86_64)
--
-- Host: 10.9.11.232    Database: fx_db
-- ------------------------------------------------------
-- Server version	5.6.23-log

/*!40101 SET @OLD_CHARACTER_SET_CLIENT=@@CHARACTER_SET_CLIENT */;
/*!40101 SET @OLD_CHARACTER_SET_RESULTS=@@CHARACTER_SET_RESULTS */;
/*!40101 SET @OLD_COLLATION_CONNECTION=@@COLLATION_CONNECTION */;
/*!40101 SET NAMES utf8 */;
/*!40103 SET @OLD_TIME_ZONE=@@TIME_ZONE */;
/*!40103 SET TIME_ZONE='+00:00' */;
/*!40014 SET @OLD_UNIQUE_CHECKS=@@UNIQUE_CHECKS, UNIQUE_CHECKS=0 */;
/*!40014 SET @OLD_FOREIGN_KEY_CHECKS=@@FOREIGN_KEY_CHECKS, FOREIGN_KEY_CHECKS=0 */;
/*!40101 SET @OLD_SQL_MODE=@@SQL_MODE, SQL_MODE='NO_AUTO_VALUE_ON_ZERO' */;
/*!40111 SET @OLD_SQL_NOTES=@@SQL_NOTES, SQL_NOTES=0 */;

--
-- Table structure for table `platform_resource`
--

DROP TABLE IF EXISTS `platform_resource`;
/*!40101 SET @saved_cs_client     = @@character_set_client */;
/*!40101 SET character_set_client = utf8 */;
CREATE TABLE `platform_resource` (
  `id` bigint(20) NOT NULL AUTO_INCREMENT COMMENT '资源ID',
  `parent_id` bigint(20) NOT NULL COMMENT '父资源ID',
  `resource_mark` varchar(200) DEFAULT NULL COMMENT '资源标识',
  `resource_name` varchar(200) DEFAULT NULL COMMENT '资源名称',
  `resource_url` varchar(200) DEFAULT NULL COMMENT '资源URL',
  `resource_type` varchar(50) DEFAULT NULL COMMENT '资源类型1-菜单;2-页面;3-操作;4-其他(div等)',
  `resource_order` bigint(20) DEFAULT NULL COMMENT '资源顺序',
  `resource_desc` text COMMENT '资源描述、备注',
  `resource_status` varchar(50) DEFAULT NULL COMMENT '资源状态0-禁用;1-启用',
  `product_mark` varchar(100) DEFAULT NULL COMMENT '产品/项目标识',
  `created_uid` bigint(20) DEFAULT NULL COMMENT '创建用户',
  `created_time` bigint(20) DEFAULT NULL COMMENT '创建时间',
  `updated_uid` bigint(20) DEFAULT NULL COMMENT '最后编辑用户',
  `updated_time` bigint(20) DEFAULT NULL COMMENT '最后编辑时间',
  `application_platform` int(11) NOT NULL,
  `style` varchar(200) DEFAULT NULL COMMENT '样式标识',
  PRIMARY KEY (`id`)
) ENGINE=InnoDB AUTO_INCREMENT=206 DEFAULT CHARSET=utf8;
/*!40101 SET character_set_client = @saved_cs_client */;

--
-- Dumping data for table `platform_resource`
--

LOCK TABLES `platform_resource` WRITE;
/*!40000 ALTER TABLE `platform_resource` DISABLE KEYS */;
INSERT INTO `platform_resource` VALUES (134,0,'meetView','会议纪要','galaxy/project/progress/meetView','1',11,'菜单项-会议纪要模块','1','sop',999,1451577600000,999,1469070921962,1,'15'),(135,0,'file','项目文档','galaxy/sopFile/toFileList','1',12,'菜单项-项目文档模块','1','sop',999,1451577600000,999,1469071016846,1,'18'),(136,0,'template','项目模板','galaxy/template','1',13,'菜单项-项目模板模块','1','sop',999,1451577600000,999,1469071623755,1,'17'),(137,0,'idea','项目创意','galaxy/idea','1',19,'菜单项-项目创意模块','1','sop',999,1451577600000,999,1469071896699,1,'10'),(138,160,'idea_summary','项目创意','','4',1,'项目创意模块','1','sop',999,1451577600000,999,1469071900044,1,'1'),(139,137,'idea_add','新建项目创意','galaxy/idea/getAddIdeaInfo','3',2,'新建项目创意','1','sop',999,1451577600000,999,1469071903684,1,'2'),(140,137,'idea_list','查看项目创意列表','galaxy/idea','3',3,'查看项目创意列表','0','sop',999,1451577600000,999,1451577600000,1,'3'),(141,137,'idea_stage','查看项目创意详情','galaxy/idea/goIdeaStagePage','3',4,'查看项目创意详情','1','sop',999,1451577600000,999,1451577600000,1,'4'),(142,137,'idea_claim','认领项目创意','galaxy/idea/goClaimtcPage','3',5,'认领项目创意','1','sop',999,1451577600000,999,1451577600000,1,'5'),(143,0,'dataBriefing','数据简报','galaxy/charts/briefing/toDataBriefing','1',15,'菜单项-数据简报','1','sop',999,1451577600000,999,1451577600000,1,'11'),(144,0,'projectAnalysis','项目分析','galaxy/kpireport/toProOverView','1',16,'菜单项-项目分析','1','sop',999,1451577600000,999,1451577600000,1,'12'),(145,144,'projectAnalysis_summary','工作桌面项目分析简报','','4',1,'工作桌面显示该模块的简报','1','sop',999,1451577600000,999,1451577600000,1,'1'),(146,144,'projectAnalysis_detail','查看项目分析','','3',2,'查看项目分析','1','sop',999,1451577600000,999,1451577600000,1,'2'),(147,0,'kpi','绩效考核','galaxy/kpireport/touserkpi','1',17,'菜单项-绩效考核','1','sop',999,1451577600000,999,1451577600000,1,'13'),(148,147,'kpi_summary','工作桌绩效考核的简报','','4',1,'工作桌面显示该模块的简报','1','sop',999,1451577600000,999,1451577600000,1,'1'),(149,147,'kpi_detail','查看绩效考核','','3',2,'查看绩效考核','1','sop',999,1451577600000,999,1451577600000,1,'2'),(150,0,'afterInvest','投后运营','','1',18,'菜单项-投后运营','1','sop',999,1451577600000,999,1451577600000,1,'14'),(151,150,'afterInvestTrack','投后项目跟踪','galaxy/report/afterInvestTrack','1',8,'菜单项-投后项目跟踪','1','sop',999,1451577600000,999,1451577600000,1,'8'),(152,150,'afterInvestBusiness','投后业务运营','galaxy/report/afterInvestBusiness','1',9,'菜单项-投后业务运营','1','sop',999,1451577600000,999,1451577600000,1,'9'),(153,150,'afterInvestFinace','投后企业财报','galaxy/report/afterInvestFinace','1',10,'菜单项-投后企业财报','1','sop',999,1451577600000,999,1451577600000,1,'10'),(154,150,'afterInvest_summary','工作桌面投后运营的简报','','4',1,'工作桌面显示该模块的简报','1','sop',999,1451577600000,999,1451577600000,1,'1'),(156,0,'lxh','立项会','galaxy/lxh','1',19,'菜单项-立项会','1','sop',999,1451577600000,999,1451577600000,1,'21'),(157,0,'tjh','投决会','galaxy/tjh','1',20,'菜单项-投决会','1','sop',999,1451577600000,999,1451577600000,1,'22'),(158,0,'psh','CEO评审会','galaxy/psh','1',21,'菜单项-CEO评审会','1','sop',999,1451577600000,999,1451577600000,1,'23'),(160,0,'index','工作桌面','galaxy/index','1',1,'菜单项-工作桌面模块','1','sop',NULL,1451577600000,1451577600000,1451577600000,0,NULL),(161,160,'shedule_info','排期相关模块',NULL,'4',2,'排期相关模块','1','sop',NULL,1451577600000,1451577600000,1451577600000,0,NULL),(162,160,'shedule_list','我的日程模块','galaxy/sopUserSchedule/scheduleList','2',3,'我的日程模块','1','sop',NULL,1451577600000,1451577600000,1451577600000,0,NULL),(163,161,'shedule_ceo','CEO评审排期模块','galaxy/sopUserSchedule/popupMeetingList','3',4,'CEO评审排期模块','1','sop',NULL,1451577600000,1451577600000,1451577600000,0,NULL),(164,161,'shedule_lxh','立项会排期模块','galaxy/sopUserSchedule/popupMeetingList','3',5,'立项会排期模块','1','sop',NULL,1451577600000,1451577600000,1451577600000,0,NULL),(165,161,'shedule_tjh','投决会排期模块','galaxy/sopUserSchedule/popupMeetingList','3',6,'投决会排期模块','1','sop',NULL,1451577600000,1451577600000,1451577600000,0,NULL),(168,0,'task_view','待办任务','galaxy/soptask','1',2,'菜单项-待办任务模块','1','sop',1451577600000,1451577600000,1451577600000,1451577600000,0,NULL),(169,160,'task_into_view','页头待办任务快捷入口','sop/galaxy/soptask','3',10,'页头待办任务统计点','1','sop',NULL,1451577600000,1451577600000,1451577600000,0,NULL),(170,160,'task_list','待办任务模块',NULL,'4',11,'待办任务模块','1','sop',NULL,1451577600000,1451577600000,1451577600000,0,NULL),(171,0,'project_view','创投项目','galaxy/mpl','1',3,'菜单项-创投项目模块','1','sop',NULL,1451577600000,1451577600000,1451577600000,0,NULL),(172,160,'project_view_module','项目数据报表模块',NULL,'4',13,'项目数据报表模块','1','sop',NULL,1451577600000,1451577600000,1451577600000,0,NULL),(173,171,'project_add','新建创投项目','sop/galaxy/app','3',14,'新建创投项目','1','sop',NULL,1451577600000,1451577600000,1451577600000,0,NULL),(174,171,'project_list','查看项目列表','galaxy/project/search','2',15,'查看项目列表','0','sop',NULL,1451577600000,1451577600000,1451577600000,0,NULL),(175,171,'project_remark','查看项目简介','','3',16,'查看项目简介','1','sop',NULL,1451577600000,1451577600000,1451577600000,0,NULL),(176,171,'project_info','查看项目详情','galaxy/mpl','3',17,'查看项目详情','1','sop',NULL,1451577600000,1451577600000,1451577600000,0,NULL),(177,0,'person_view','尽调任务','galaxy/soptask?flag=jz','1',4,'菜单项-人事尽调任务模块','1','sop',NULL,1451577600000,1451577600000,1451577600000,0,NULL),(178,177,'person_task','查看任务列表','galaxy/soptask?flag=jz','2',19,'查看任务列表','0','sop',NULL,1451577600000,1451577600000,1451577600000,0,NULL),(179,177,'person_produce_task','认领/处理任务','galaxy/soptask/doTask','3',20,'认领/处理任务','1','sop',NULL,1451577600000,1451577600000,1451577600000,0,NULL),(180,0,'resume_view','完善简历','galaxy/soptask?flag=jl','1',5,'菜单项-完善简历任务模块','1','sop',NULL,1451577600000,1451577600000,1451577600000,0,NULL),(181,180,'resume_task','查看任务列表','galaxy/soptask?flag=jl','1',22,'查看任务列表','0','sop',NULL,1451577600000,1451577600000,1451577600000,0,NULL),(182,180,'resume_produce_task','认领/处理任务','galaxy/soptask/doTask','3',23,'认领/处理任务','1','sop',NULL,1451577600000,1451577600000,1451577600000,0,NULL),(183,0,'finance_view','尽调报告','galaxy/soptask?flag=jz','1',6,'菜单项-财务尽调任务模块','1','sop',NULL,1451577600000,1451577600000,1451577600000,0,NULL),(184,183,'finance_task','查看任务列表','galaxy/task','2',25,'查看任务列表','0','sop',NULL,1451577600000,1451577600000,1451577600000,0,NULL),(185,183,'finance_handle_task','认领/处理任务','galaxy/soptask/doTask','3',26,'认领/处理任务','1','sop',NULL,1451577600000,1451577600000,1451577600000,0,NULL),(186,0,'payment_view','付款凭证','galaxy/soptask?flag=pz','1',7,'菜单项-付款凭证任务模块','1','sop',NULL,1451577600000,1451577600000,1451577600000,0,NULL),(187,186,'payment_task','查看任务列表','galaxy/soptask?flag=pz','2',28,'查看任务列表','0','sop',NULL,1451577600000,1451577600000,1451577600000,0,NULL),(188,186,'payment_handle_task','认领/处理任务','galaxy/soptask/doTask','3',29,'认领/处理任务','1','sop',NULL,1451577600000,1451577600000,1451577600000,0,NULL),(189,0,'law_view','尽调报告','galaxy/soptask?flag=jz','1',8,'菜单项-法务尽调任务模块','1','sop',NULL,1451577600000,1451577600000,1451577600000,0,NULL),(190,189,'law_task','查看任务列表','galaxy/soptask?flag=jz','2',31,'查看任务列表','0','sop',NULL,1451577600000,1451577600000,1451577600000,0,NULL),(191,189,'law_handle_task','认领/处理任务','galaxy/soptask/doTask','3',32,'认领/处理任务','1','sop',NULL,1451577600000,1451577600000,1451577600000,0,NULL),(192,0,'delivery_view','股权交割','galaxy/soptask?flag=gq','1',9,'菜单项-股权交割任务模块','1','sop',NULL,1451577600000,1451577600000,1451577600000,0,NULL),(193,192,'delivery_task','查看任务列表','galaxy/soptask?flag=gq','2',34,'查看任务列表','0','sop',NULL,1451577600000,1451577600000,1451577600000,0,NULL),(194,192,'delivery_handle_task','认领/处理任务','galaxy/soptask/doTask','3',35,'认领/处理任务','1','sop',NULL,1451577600000,1451577600000,1451577600000,0,NULL),(195,0,'interView','访谈记录','galaxy/project/progress/interView','1',10,'菜单项-访谈记录模块','1','sop',NULL,1451577600000,1451577600000,1451577600000,0,NULL),(197,160,'div_matter_preview_gg','事项预览模块',NULL,'4',1,'事项预览模块','1','sop',NULL,NULL,NULL,NULL,0,NULL),(198,160,'div_performance_gg','绩效考核模块',NULL,'4',4,'绩效考核模块','1','sop',NULL,NULL,NULL,NULL,0,NULL),(199,160,'div_project_progress_gg','项目进度模块',NULL,'4',2,'项目进度模块','1','sop',NULL,NULL,NULL,NULL,0,NULL),(200,160,'div_duration_gg','项目历时模块',NULL,'4',4,'项目历时模块','1','sop',NULL,NULL,NULL,NULL,0,NULL),(201,160,'div_investment_gg','投资资金模块',NULL,'4',5,'投资资金模块','1','sop',NULL,NULL,NULL,NULL,0,NULL),(202,160,'div_operation_gg','项目运营模块',NULL,'4',6,'项目运营模块','1','sop',NULL,NULL,NULL,NULL,0,NULL),(203,160,'div_tip_message','消息提醒模块',NULL,'4',11,'消息提醒模块','1','sop',NULL,NULL,NULL,NULL,0,NULL),(204,160,'div_pro_doc','项目文档模块',NULL,'4',12,'项目文档模块','1','sop',NULL,NULL,NULL,NULL,0,NULL),(205,160,'div_normal_tool','常用工具模块',NULL,'4',13,'常用工具模块','1','sop',NULL,NULL,NULL,NULL,0,NULL);
/*!40000 ALTER TABLE `platform_resource` ENABLE KEYS */;
UNLOCK TABLES;

--
-- Table structure for table `platform_role`
--

DROP TABLE IF EXISTS `platform_role`;
/*!40101 SET @saved_cs_client     = @@character_set_client */;
/*!40101 SET character_set_client = utf8 */;
CREATE TABLE `platform_role` (
  `id` bigint(20) NOT NULL AUTO_INCREMENT,
  `name` varchar(50) DEFAULT NULL,
  `role_code` varchar(50) DEFAULT NULL,
  `user_id` bigint(20) DEFAULT NULL COMMENT '用户ID,未用到',
  `description` varchar(225) DEFAULT NULL,
  `disabled` varchar(12) DEFAULT NULL,
  `sort` int(11) DEFAULT '0',
  `created_time` bigint(20) DEFAULT NULL,
  `updated_time` bigint(20) DEFAULT NULL,
  `application_platform` int(11) DEFAULT NULL,
  PRIMARY KEY (`id`)
) ENGINE=InnoDB AUTO_INCREMENT=71 DEFAULT CHARSET=utf8;
/*!40101 SET character_set_client = @saved_cs_client */;

--
-- Dumping data for table `platform_role`
--

LOCK TABLES `platform_role` WRITE;
/*!40000 ALTER TABLE `platform_role` DISABLE KEYS */;
INSERT INTO `platform_role` VALUES (1,'董事长','DSZ',1,'Chairman of the board.',NULL,0,NULL,1470726418790,0),(2,'CEO','CEO',2,'首席执行官，英文全名为Chief Executive Officer.',NULL,0,NULL,1470726424674,0),(3,'合伙人','HHR',NULL,'各个事业线的负责人。',NULL,0,NULL,1470726372617,0),(4,'投资经理','TZJL',NULL,'管理和推进公司内的创投项目。',NULL,0,NULL,1470726523934,0),(7,'HR总监','HRZJ',NULL,'人事部门外部接口，部门内部审批者。',NULL,0,NULL,1470726597509,0),(8,'HR经理','HRJL',NULL,'具体负责人事相关事宜',NULL,0,NULL,1470712326503,0),(9,'法务总监','FWZJ',NULL,'人事部门外部接口，部门内部工作安排和审批。',NULL,0,NULL,1470712344396,0),(10,'法务经理','FWJL',NULL,'具体负责法务部门相关工作',NULL,0,NULL,1470712353786,0),(11,'财务总监','CWZJ',NULL,'财务部门外部接口，负责部门内部工作安排审批。',NULL,0,NULL,1470712365667,0),(12,'财务经理','CWJL',NULL,'具体负责财务部门相关工作。',NULL,0,NULL,1470712374346,0),(16,'系统管理员','GLY',NULL,'定义角色和权限；配置后台',NULL,0,NULL,1469153154195,0),(17,'档案管理员','DAGLY',NULL,'负责管理公司所有创投项目相关的文档。',NULL,0,NULL,1470726871773,0),(18,'董事长秘书','DSZMS',NULL,'负责为董事长安排日程',NULL,0,NULL,1470712187938,0),(19,'CEO秘书','CEOMS',NULL,'负责为CEO安排日程',NULL,0,NULL,1470712143817,NULL);
/*!40000 ALTER TABLE `platform_role` ENABLE KEYS */;
UNLOCK TABLES;

--
-- Table structure for table `platform_role_resource`
--

DROP TABLE IF EXISTS `platform_role_resource`;
/*!40101 SET @saved_cs_client     = @@character_set_client */;
/*!40101 SET character_set_client = utf8 */;
CREATE TABLE `platform_role_resource` (
  `id` bigint(20) NOT NULL AUTO_INCREMENT COMMENT '资源ID',
  `role_id` bigint(20) NOT NULL COMMENT '角色ID',
  `resource_id` bigint(20) NOT NULL COMMENT '资源ID',
  `created_uid` bigint(20) DEFAULT NULL COMMENT '创建用户',
  `created_time` bigint(20) DEFAULT NULL COMMENT '创建时间',
  `updated_uid` bigint(20) DEFAULT NULL COMMENT '最后编辑用户',
  `updated_time` bigint(20) DEFAULT NULL COMMENT '最后编辑时间',
  `resource_range` int(2) DEFAULT NULL COMMENT '数据范围[全公司:0;本部门:1;自己:2]',
  PRIMARY KEY (`id`)
) ENGINE=InnoDB AUTO_INCREMENT=3965 DEFAULT CHARSET=utf8;
/*!40101 SET character_set_client = @saved_cs_client */;

--
-- Dumping data for table `platform_role_resource`
--

LOCK TABLES `platform_role_resource` WRITE;
/*!40000 ALTER TABLE `platform_role_resource` DISABLE KEYS */;
INSERT INTO `platform_role_resource` VALUES (3570,19,160,118,1470712143823,NULL,NULL,0),(3571,19,138,118,1470712143825,NULL,NULL,0),(3572,19,161,118,1470712143826,NULL,NULL,0),(3573,19,162,118,1470712143828,NULL,NULL,0),(3574,19,163,118,1470712143829,NULL,NULL,0),(3575,19,164,118,1470712143831,NULL,NULL,0),(3576,19,165,118,1470712143832,NULL,NULL,0),(3577,19,169,118,1470712143834,NULL,NULL,0),(3578,19,170,118,1470712143835,NULL,NULL,0),(3579,19,203,118,1470712143837,NULL,NULL,0),(3580,19,172,118,1470712143838,NULL,NULL,0),(3581,19,205,118,1470712143839,NULL,NULL,0),(3582,19,156,118,1470712143842,NULL,NULL,0),(3583,19,157,118,1470712143843,NULL,NULL,0),(3584,19,158,118,1470712143846,NULL,NULL,0),(3585,18,160,118,1470712187942,NULL,NULL,0),(3586,18,138,118,1470712187944,NULL,NULL,0),(3587,18,161,118,1470712187946,NULL,NULL,0),(3588,18,162,118,1470712187948,NULL,NULL,0),(3589,18,163,118,1470712187949,NULL,NULL,0),(3590,18,164,118,1470712187950,NULL,NULL,0),(3591,18,165,118,1470712187952,NULL,NULL,0),(3592,18,169,118,1470712187953,NULL,NULL,0),(3593,18,170,118,1470712187955,NULL,NULL,0),(3594,18,203,118,1470712187956,NULL,NULL,0),(3595,18,172,118,1470712187957,NULL,NULL,0),(3596,18,205,118,1470712187959,NULL,NULL,0),(3597,18,156,118,1470712187960,NULL,NULL,0),(3598,18,157,118,1470712187962,NULL,NULL,0),(3599,18,158,118,1470712187964,NULL,NULL,0),(3619,8,160,118,1470712326506,NULL,NULL,0),(3620,8,138,118,1470712326508,NULL,NULL,0),(3621,8,161,118,1470712326509,NULL,NULL,0),(3622,8,162,118,1470712326511,NULL,NULL,0),(3623,8,164,118,1470712326513,NULL,NULL,0),(3624,8,165,118,1470712326514,NULL,NULL,0),(3625,8,169,118,1470712326515,NULL,NULL,0),(3626,8,170,118,1470712326517,NULL,NULL,0),(3627,8,203,118,1470712326518,NULL,NULL,0),(3628,8,204,118,1470712326520,NULL,NULL,0),(3629,8,172,118,1470712326521,NULL,NULL,0),(3630,8,205,118,1470712326522,NULL,NULL,0),(3631,8,168,118,1470712326523,NULL,NULL,0),(3632,8,177,118,1470712326525,NULL,NULL,0),(3633,8,179,118,1470712326527,NULL,NULL,0),(3634,8,180,118,1470712326528,NULL,NULL,0),(3635,8,182,118,1470712326529,NULL,NULL,0),(3636,8,135,118,1470712326530,NULL,NULL,0),(3637,8,136,118,1470712326531,NULL,NULL,0),(3638,9,160,118,1470712344399,NULL,NULL,0),(3639,9,138,118,1470712344400,NULL,NULL,0),(3640,9,161,118,1470712344401,NULL,NULL,0),(3641,9,162,118,1470712344403,NULL,NULL,0),(3642,9,164,118,1470712344404,NULL,NULL,0),(3643,9,165,118,1470712344405,NULL,NULL,0),(3644,9,169,118,1470712344407,NULL,NULL,0),(3645,9,170,118,1470712344408,NULL,NULL,0),(3646,9,203,118,1470712344409,NULL,NULL,0),(3647,9,204,118,1470712344411,NULL,NULL,0),(3648,9,172,118,1470712344412,NULL,NULL,0),(3649,9,205,118,1470712344413,NULL,NULL,0),(3650,9,168,118,1470712344415,NULL,NULL,0),(3651,9,189,118,1470712344416,NULL,NULL,0),(3652,9,191,118,1470712344418,NULL,NULL,0),(3653,9,192,118,1470712344419,NULL,NULL,0),(3654,9,194,118,1470712344420,NULL,NULL,0),(3655,9,135,118,1470712344422,NULL,NULL,0),(3656,9,136,118,1470712344423,NULL,NULL,0),(3657,10,160,118,1470712353789,NULL,NULL,0),(3658,10,138,118,1470712353791,NULL,NULL,0),(3659,10,161,118,1470712353793,NULL,NULL,0),(3660,10,162,118,1470712353795,NULL,NULL,0),(3661,10,164,118,1470712353797,NULL,NULL,0),(3662,10,165,118,1470712353799,NULL,NULL,0),(3663,10,169,118,1470712353800,NULL,NULL,0),(3664,10,170,118,1470712353801,NULL,NULL,0),(3665,10,203,118,1470712353803,NULL,NULL,0),(3666,10,204,118,1470712353805,NULL,NULL,0),(3667,10,172,118,1470712353806,NULL,NULL,0),(3668,10,205,118,1470712353808,NULL,NULL,0),(3669,10,168,118,1470712353809,NULL,NULL,0),(3670,10,189,118,1470712353810,NULL,NULL,0),(3671,10,191,118,1470712353812,NULL,NULL,0),(3672,10,192,118,1470712353813,NULL,NULL,0),(3673,10,194,118,1470712353815,NULL,NULL,0),(3674,10,135,118,1470712353816,NULL,NULL,0),(3675,10,136,118,1470712353817,NULL,NULL,0),(3676,11,160,118,1470712365671,NULL,NULL,0),(3677,11,138,118,1470712365672,NULL,NULL,0),(3678,11,161,118,1470712365673,NULL,NULL,0),(3679,11,162,118,1470712365675,NULL,NULL,0),(3680,11,164,118,1470712365677,NULL,NULL,0),(3681,11,165,118,1470712365678,NULL,NULL,0),(3682,11,169,118,1470712365679,NULL,NULL,0),(3683,11,170,118,1470712365680,NULL,NULL,0),(3684,11,203,118,1470712365682,NULL,NULL,0),(3685,11,204,118,1470712365683,NULL,NULL,0),(3686,11,172,118,1470712365685,NULL,NULL,0),(3687,11,205,118,1470712365686,NULL,NULL,0),(3688,11,168,118,1470712365687,NULL,NULL,0),(3689,11,183,118,1470712365688,NULL,NULL,0),(3690,11,185,118,1470712365690,NULL,NULL,0),(3691,11,186,118,1470712365691,NULL,NULL,0),(3692,11,188,118,1470712365692,NULL,NULL,0),(3693,11,135,118,1470712365693,NULL,NULL,0),(3694,11,136,118,1470712365695,NULL,NULL,0),(3695,12,160,118,1470712374351,NULL,NULL,0),(3696,12,138,118,1470712374353,NULL,NULL,0),(3697,12,161,118,1470712374354,NULL,NULL,0),(3698,12,162,118,1470712374357,NULL,NULL,0),(3699,12,164,118,1470712374360,NULL,NULL,0),(3700,12,165,118,1470712374361,NULL,NULL,0),(3701,12,169,118,1470712374362,NULL,NULL,0),(3702,12,170,118,1470712374363,NULL,NULL,0),(3703,12,203,118,1470712374365,NULL,NULL,0),(3704,12,204,118,1470712374366,NULL,NULL,0),(3705,12,172,118,1470712374368,NULL,NULL,0),(3706,12,205,118,1470712374369,NULL,NULL,0),(3707,12,168,118,1470712374370,NULL,NULL,0),(3708,12,183,118,1470712374371,NULL,NULL,0),(3709,12,185,118,1470712374373,NULL,NULL,0),(3710,12,186,118,1470712374375,NULL,NULL,0),(3711,12,188,118,1470712374376,NULL,NULL,0),(3712,12,135,118,1470712374377,NULL,NULL,0),(3713,12,136,118,1470712374378,NULL,NULL,0),(3831,3,160,118,1470726372619,NULL,NULL,0),(3832,3,197,118,1470726372619,NULL,NULL,0),(3833,3,161,118,1470726372619,NULL,NULL,0),(3834,3,163,118,1470726372620,NULL,NULL,0),(3835,3,164,118,1470726372620,NULL,NULL,0),(3836,3,165,118,1470726372620,NULL,NULL,0),(3837,3,199,118,1470726372621,NULL,NULL,0),(3838,3,198,118,1470726372621,NULL,NULL,0),(3839,3,200,118,1470726372621,NULL,NULL,0),(3840,3,201,118,1470726372622,NULL,NULL,0),(3841,3,202,118,1470726372622,NULL,NULL,0),(3842,3,171,118,1470726372622,NULL,NULL,0),(3843,3,175,118,1470726372623,NULL,NULL,0),(3844,3,176,118,1470726372623,NULL,NULL,0),(3845,3,143,118,1470726372623,NULL,NULL,0),(3846,3,144,118,1470726372624,NULL,NULL,0),(3847,3,145,118,1470726372624,NULL,NULL,0),(3848,3,146,118,1470726372625,NULL,NULL,0),(3849,3,147,118,1470726372625,NULL,NULL,0),(3850,3,148,118,1470726372625,NULL,NULL,0),(3851,3,149,118,1470726372625,NULL,NULL,0),(3852,3,150,118,1470726372626,NULL,NULL,0),(3853,3,154,118,1470726372626,NULL,NULL,0),(3854,3,151,118,1470726372626,NULL,NULL,0),(3855,3,152,118,1470726372627,NULL,NULL,0),(3856,3,153,118,1470726372627,NULL,NULL,0),(3857,3,137,118,1470726372628,NULL,NULL,0),(3858,3,139,118,1470726372628,NULL,NULL,0),(3859,3,141,118,1470726372628,NULL,NULL,0),(3860,1,160,118,1470726418792,NULL,NULL,0),(3861,1,197,118,1470726418792,NULL,NULL,0),(3862,1,161,118,1470726418793,NULL,NULL,0),(3863,1,164,118,1470726418793,NULL,NULL,0),(3864,1,165,118,1470726418793,NULL,NULL,0),(3865,1,199,118,1470726418794,NULL,NULL,0),(3866,1,162,118,1470726418794,NULL,NULL,0),(3867,1,198,118,1470726418794,NULL,NULL,0),(3868,1,200,118,1470726418795,NULL,NULL,0),(3869,1,201,118,1470726418795,NULL,NULL,0),(3870,1,202,118,1470726418795,NULL,NULL,0),(3871,1,171,118,1470726418796,NULL,NULL,0),(3872,1,175,118,1470726418796,NULL,NULL,0),(3873,1,176,118,1470726418796,NULL,NULL,0),(3874,1,143,118,1470726418797,NULL,NULL,0),(3875,1,144,118,1470726418797,NULL,NULL,0),(3876,1,145,118,1470726418798,NULL,NULL,0),(3877,1,146,118,1470726418798,NULL,NULL,0),(3878,1,147,118,1470726418798,NULL,NULL,0),(3879,1,148,118,1470726418799,NULL,NULL,0),(3880,1,149,118,1470726418799,NULL,NULL,0),(3881,1,150,118,1470726418799,NULL,NULL,0),(3882,1,154,118,1470726418800,NULL,NULL,0),(3883,1,151,118,1470726418800,NULL,NULL,0),(3884,1,152,118,1470726418800,NULL,NULL,0),(3885,1,153,118,1470726418801,NULL,NULL,0),(3886,1,137,118,1470726418801,NULL,NULL,0),(3887,1,139,118,1470726418801,NULL,NULL,0),(3888,1,141,118,1470726418802,NULL,NULL,0),(3889,2,160,118,1470726424675,NULL,NULL,0),(3890,2,197,118,1470726424676,NULL,NULL,0),(3891,2,161,118,1470726424676,NULL,NULL,0),(3892,2,163,118,1470726424677,NULL,NULL,0),(3893,2,164,118,1470726424677,NULL,NULL,0),(3894,2,165,118,1470726424677,NULL,NULL,0),(3895,2,199,118,1470726424678,NULL,NULL,0),(3896,2,198,118,1470726424678,NULL,NULL,0),(3897,2,200,118,1470726424679,NULL,NULL,0),(3898,2,201,118,1470726424679,NULL,NULL,0),(3899,2,202,118,1470726424680,NULL,NULL,0),(3900,2,171,118,1470726424680,NULL,NULL,0),(3901,2,175,118,1470726424680,NULL,NULL,0),(3902,2,176,118,1470726424681,NULL,NULL,0),(3903,2,143,118,1470726424681,NULL,NULL,0),(3904,2,144,118,1470726424682,NULL,NULL,0),(3905,2,145,118,1470726424682,NULL,NULL,0),(3906,2,146,118,1470726424683,NULL,NULL,0),(3907,2,147,118,1470726424683,NULL,NULL,0),(3908,2,148,118,1470726424683,NULL,NULL,0),(3909,2,149,118,1470726424684,NULL,NULL,0),(3910,2,150,118,1470726424684,NULL,NULL,0),(3911,2,154,118,1470726424685,NULL,NULL,0),(3912,2,151,118,1470726424685,NULL,NULL,0),(3913,2,152,118,1470726424685,NULL,NULL,0),(3914,2,153,118,1470726424686,NULL,NULL,0),(3915,2,137,118,1470726424686,NULL,NULL,0),(3916,2,139,118,1470726424687,NULL,NULL,0),(3917,2,141,118,1470726424687,NULL,NULL,0),(3918,4,160,118,1470726523936,NULL,NULL,0),(3919,4,138,118,1470726523937,NULL,NULL,0),(3920,4,161,118,1470726523937,NULL,NULL,0),(3921,4,164,118,1470726523937,NULL,NULL,0),(3922,4,165,118,1470726523938,NULL,NULL,0),(3923,4,162,118,1470726523938,NULL,NULL,0),(3924,4,169,118,1470726523938,NULL,NULL,0),(3925,4,170,118,1470726523939,NULL,NULL,0),(3926,4,203,118,1470726523939,NULL,NULL,0),(3927,4,204,118,1470726523940,NULL,NULL,0),(3928,4,172,118,1470726523940,NULL,NULL,0),(3929,4,205,118,1470726523940,NULL,NULL,0),(3930,4,168,118,1470726523941,NULL,NULL,0),(3931,4,171,118,1470726523941,NULL,NULL,0),(3932,4,173,118,1470726523941,NULL,NULL,0),(3933,4,175,118,1470726523942,NULL,NULL,0),(3934,4,176,118,1470726523942,NULL,NULL,0),(3935,4,195,118,1470726523942,NULL,NULL,0),(3936,4,134,118,1470726523943,NULL,NULL,0),(3937,4,135,118,1470726523943,NULL,NULL,0),(3938,4,136,118,1470726523943,NULL,NULL,0),(3939,4,137,118,1470726523944,NULL,NULL,0),(3940,4,139,118,1470726523944,NULL,NULL,0),(3941,4,141,118,1470726523945,NULL,NULL,0),(3942,4,142,118,1470726523945,NULL,NULL,0),(3943,7,160,118,1470726597511,NULL,NULL,0),(3944,7,138,118,1470726597511,NULL,NULL,0),(3945,7,161,118,1470726597512,NULL,NULL,0),(3946,7,164,118,1470726597512,NULL,NULL,0),(3947,7,165,118,1470726597512,NULL,NULL,0),(3948,7,162,118,1470726597513,NULL,NULL,0),(3949,7,169,118,1470726597513,NULL,NULL,0),(3950,7,170,118,1470726597514,NULL,NULL,0),(3951,7,203,118,1470726597514,NULL,NULL,0),(3952,7,204,118,1470726597514,NULL,NULL,0),(3953,7,172,118,1470726597515,NULL,NULL,0),(3954,7,205,118,1470726597515,NULL,NULL,0),(3955,7,168,118,1470726597515,NULL,NULL,0),(3956,7,177,118,1470726597516,NULL,NULL,0),(3957,7,179,118,1470726597516,NULL,NULL,0),(3958,7,180,118,1470726597516,NULL,NULL,0),(3959,7,182,118,1470726597517,NULL,NULL,0),(3960,7,135,118,1470726597517,NULL,NULL,0),(3961,7,136,118,1470726597517,NULL,NULL,0),(3964,17,135,118,1470726871775,NULL,NULL,0);
/*!40000 ALTER TABLE `platform_role_resource` ENABLE KEYS */;
UNLOCK TABLES;
/*!40103 SET TIME_ZONE=@OLD_TIME_ZONE */;

/*!40101 SET SQL_MODE=@OLD_SQL_MODE */;
/*!40014 SET FOREIGN_KEY_CHECKS=@OLD_FOREIGN_KEY_CHECKS */;
/*!40014 SET UNIQUE_CHECKS=@OLD_UNIQUE_CHECKS */;
/*!40101 SET CHARACTER_SET_CLIENT=@OLD_CHARACTER_SET_CLIENT */;
/*!40101 SET CHARACTER_SET_RESULTS=@OLD_CHARACTER_SET_RESULTS */;
/*!40101 SET COLLATION_CONNECTION=@OLD_COLLATION_CONNECTION */;
/*!40111 SET SQL_NOTES=@OLD_SQL_NOTES */;

-- Dump completed on 2016-08-09 15:19:09
